Jour,Eaux usées,Eau de drainage,Débits résiduels (barrages),Hydraulique fil de l'eau,Pompage-turbinage production,Eau de Stockage,Eau potable,Biogaz,Biogaz de station d'épuration,Energie du bois,Déchets forestiers et agricoles,Incinération,Turbine à vapeur de gaz fossile,Centrale combinée à gaz et à vapeur,Turbine à gaz,Énergies fossiles gazeuses,Moteur à combustion,Énergies fossiles liquides,Éolienne,Photovoltaïque
,Énergie (GWh),Énergie (GWh),Énergie (GWh),Énergie (GWh),Énergie (GWh),Énergie (GWh),Énergie (GWh),Énergie (GWh),Énergie (GWh),Énergie (GWh),Énergie (GWh),Énergie (GWh),Énergie (GWh),Énergie (GWh),Énergie (GWh),Énergie (GWh),Énergie (GWh),Énergie (GWh),Énergie (GWh),Énergie (GWh)
01.01.2023,0,15.8,0.7,17.5,15.6,6.7,0.7,0.8,0.3,0,1.5,4.5,0,0,0.1,0,0.1,0,1.1,4.7
02.01.2023,0,17.1,0.7,17.9,23.7,8.5,0.7,0.8,0.3,0,1.6,4.4,0,0.2,0.1,0,0.1,0,0.8,3.3
03.01.2023,0,17.1,0.7,17.9,30.6,11.4,0.7,0.9,0.3,0,1.6,4.2,0,0.3,0.2,0,0.1,0,0,1.3
04.01.2023,0,15.7,0.7,17.3,22.2,7,0.6,0.9,0.3,0,1.5,4.4,0,0.3,0.2,0,0.2,0,0.7,2.4
05.01.2023,0,15.9,0.7,16.7,17.3,8.2,0.6,0.9,0.3,0,1.5,4.5,0,0.3,0.2,0,0.1,0,0.5,2.6
06.01.2023,0,15.6,0.7,16.7,18.7,7.6,0.6,0.9,0.3,0,1.6,4.4,0,0.3,0.2,0,0.1,0,0.1,2.4
07.01.2023,0,13.4,0.7,14.7,11.6,9.6,0.6,0.9,0.3,0,1.5,4.4,0,0.3,0.2,0,0.1,0,0.7,4.7
08.01.2023,0,12.4,0.7,14.3,10.6,5.5,0.6,0.9,0.3,0,1.6,4.6,0,0.3,0.2,0,0.1,0,0.9,1.1
09.01.2023,0,16.2,0.7,18.4,30.2,15.6,0.6,0.9,0.3,0,1.6,4.4,0.1,0.3,0.2,0,0.1,0,1,2.8
10.01.2023,0,16.2,0.7,19.1,22.3,18,0.6,0.9,0.3,0,1.5,4.1,0.1,0.3,0.3,0,0.2,0,0.7,4.5
11.01.2023,0,16.4,0.7,19,20.9,14.6,0.6,0.9,0.3,0,1.5,4,0,0.3,0.2,0,0.2,0,0.9,1.1
12.01.2023,0,16.4,0.7,19.1,21.4,16.9,0.6,0.9,0.3,0,1.6,4.1,0,0.3,0.2,0,0.2,0,1,2.4
13.01.2023,0,15.8,0.7,18.9,21.7,14.3,0.6,0.9,0.3,0,1.6,4.2,0,0.3,0.2,0,0.1,0,1,2.8
14.01.2023,0,14.7,0.7,17,11.1,7.7,0.6,0.9,0.3,0,1.6,4.2,0,0.3,0.2,0,0.1,0,1.1,3.4
15.01.2023,0,14.4,0.7,16,10.4,10.7,0.6,0.9,0.3,0,1.5,4.2,0,0,0.2,0,0.1,0,1.1,0.9
16.01.2023,0,15.7,0.7,17.6,18.2,17.2,0.6,0.9,0.3,0,1.7,3.8,0.1,0.1,0.2,0,0.2,0,1,2.1
17.01.2023,0,16.5,0.7,17.7,56,25.9,0.5,0.9,0.3,0,1.7,4,0.9,0.9,0.2,0,0.2,0,0.4,1
18.01.2023,0,16.4,0.7,17.1,38.6,24.7,0.5,0.9,0.3,0,1.7,4,1.4,1.4,0.2,0,0.2,0,0.3,0.9
19.01.2023,0,17.1,0.7,17.2,74.9,33,0.5,0.9,0.3,0,1.7,3.9,1.4,1,0.2,0,0.2,0,0.2,1.5
20.01.2023,0,16,0.6,16.1,67.1,29.1,0.5,0.9,0.3,0,1.7,3.9,1.4,1.4,0.2,0,0.2,0,0.3,1.7
21.01.2023,0,12.5,0.6,13.3,21.7,18.4,0.5,0.9,0.3,0,1.7,3.9,1.4,1.4,0.2,0,0.2,0,0.5,1.5
22.01.2023,0,11.5,0.6,12.1,25.8,20.1,0.5,0.9,0.3,0,1.6,3.9,1.4,1.4,0.2,0,0.1,0,0.1,0.9
23.01.2023,0,16,0.6,14.4,75.8,30,0.5,0.9,0.3,0,1.7,4,1.4,1.3,0.2,0,0.2,0,0.3,0.6
24.01.2023,0,15.5,0.6,14,69.7,30,0.5,0.9,0.3,0,1.7,3.9,1.4,1.1,0.2,0,0.2,0,0.2,1.1
25.01.2023,0,15.3,0.6,14,78.6,30.6,0.5,0.9,0.3,0,1.7,3.9,1.4,1.2,0.2,0,0.2,0,0.1,1
26.01.2023,0,14.4,0.6,14.2,58,28.4,0.5,0.9,0.3,0,1.7,3.8,1.4,1.5,0.2,0,0.2,0,0.1,0.8
27.01.2023,0,14,0.6,13.7,47.9,28.2,0.5,0.9,0.3,0,1.7,4,1.4,1,0.2,0,0.2,0,0.1,0.8
28.01.2023,0,11.2,0.6,11.7,32.5,17.3,0.5,0.9,0.3,0,1.7,4.2,1.4,0.5,0.2,0,0.2,0,0.1,1.2
29.01.2023,0,9.2,0.6,10.9,17.3,13.6,0.5,0.9,0.3,0,1.6,4.3,1.4,0.5,0.2,0,0.2,0,0.1,2.2
30.01.2023,0,12.7,0.6,12.5,59.5,25.2,0.5,0.9,0.3,0,1.7,4,1.4,0.5,0.2,0,0.2,0,0.5,4.2
31.01.2023,0,11.7,0.6,11.9,41.2,20.6,0.5,0.9,0.3,0,1.7,4.1,1.3,0.4,0.2,0,0.2,0,0.3,5
01.02.2023,0,11.9,0.6,11.5,25.4,19.2,0.5,0.9,0.3,0,1.6,4.2,1.3,0.5,0.2,0,0.3,0,0.5,4.2
02.02.2023,0,11.6,0.6,11.4,21.3,19.3,0.5,0.9,0.3,0,1.7,4.3,1.3,0.5,0.2,0,0.2,0,0.5,3.5
03.02.2023,0,11,0.6,11.3,33.3,19.6,0.4,0.9,0.3,0,1.7,4.4,1.3,0.5,0.2,0,0.2,0,0.5,6.5
04.02.2023,0,8.4,0.6,9.3,16.8,10.8,0.4,1,0.3,0,1.7,4.6,1.3,0.4,0.2,0,0.2,0,0.5,3
05.02.2023,0,8.2,0.6,9.4,8.2,8.2,0.4,1,0.3,0,1.7,4.4,1.3,0.4,0.2,0,0.2,0,0.4,3.4
06.02.2023,0,12.5,0.6,11.6,44.8,26.4,0.4,1,0.3,0,1.7,4.3,1.3,0.4,0.3,0,0.2,0,0.3,3.6
07.02.2023,0,12.2,0.6,11.6,49.2,25.3,0.4,1,0.3,0,1.7,4.2,1.6,0.4,0.3,0,0.2,0,0.5,8.7
08.02.2023,0,12.1,0.6,11.3,42.7,26,0.4,0.9,0.3,0,1.7,4.3,1.9,0.4,0.3,0,0.2,0,0.5,6.1
09.02.2023,0,11.9,0.6,11.4,59.4,28.4,0.4,1,0.3,0,1.7,4.3,1.4,0.4,0.3,0,0.2,0,0.2,9
10.02.2023,0,11.3,0.6,11.4,45.6,25.7,0.4,1,0.3,0,1.8,4.2,1.4,0.4,0.3,0,0.3,0,0.1,9.5
11.02.2023,0,8.9,0.6,9.7,17.7,18.8,0.4,1,0.3,0,1.7,4.4,1.3,0.4,0.3,0,0.3,0,0.1,8.8
12.02.2023,0,7.7,0.6,8.8,15.7,10.5,0.4,1,0.3,0,1.7,4.5,1.3,0.4,0.3,0,0.3,0,0.5,9.8
13.02.2023,0,11.2,0.6,10.7,42.9,20.9,0.4,0.9,0.3,0,1.7,4.4,1.3,0.4,0.2,0,0.3,0,0.1,7.8
14.02.2023,0,11.6,0.6,10.4,40,19.8,0.4,0.9,0.3,0,1.8,4.4,1.3,0.4,0.2,0,0.3,0,0.1,8.3
15.02.2023,0,11.5,0.6,10.4,38.2,19.6,0.4,0.9,0.3,0,1.8,4.4,1.3,0.4,0.3,0,0.3,0,0.1,9.6
16.02.2023,0,11.5,0.7,11,30.2,18.1,0.4,0.9,0.3,0,1.7,4.4,1.3,0.4,0.3,0,0.3,0,0.3,10.4
17.02.2023,0,10.9,0.7,10.7,19.5,15.8,0.4,0.9,0.3,0,1.7,4.7,1.2,0.4,0.2,0,0.3,0,0.7,5.8
18.02.2023,0,8.7,0.7,9.5,8,7.8,0.4,0.9,0.3,0,1.6,4.7,1.1,0.4,0.2,0,0.2,0,0.6,9.6
19.02.2023,0,8.6,0.6,9.2,6.7,8.7,0.4,0.9,0.3,0,1.6,4.7,1.1,0.4,0.2,0,0.2,0,0.6,7.1
20.02.2023,0,11.6,0.6,10.6,20.5,15.1,0.5,0.9,0.3,0,1.7,4.6,1.2,0,0.2,0,0.2,0,0.1,11.2
21.02.2023,0,12.1,0.6,10.8,43.8,21.1,0.5,0.9,0.3,0,1.6,4.6,1.2,0,0.2,0,0.2,0,0,11.4
22.02.2023,0,11.9,0.6,10.8,37.8,20,0.5,1,0.3,0,1.7,4.7,1.2,0,0.2,0,0.2,0,0.2,8.4
23.02.2023,0,12.5,0.6,11.2,38.3,20.1,0.5,0.9,0.3,0,1.6,4.8,1.2,0,0.2,0,0.2,0,0.1,8.7
24.02.2023,0,12.1,0.6,11.5,28.2,19.3,0.5,1,0.3,0,1.7,4.7,1.2,0.2,0.3,0,0.3,0,0.2,10.1
25.02.2023,0,11.3,0.6,11,21,15.2,0.5,1,0.3,0,1.8,4.7,1.2,0.4,0.3,0,0.2,0,0.4,4.8
26.02.2023,0,9.8,0.6,9.8,10.2,7.8,0.5,0.9,0.3,0,1.6,4.3,1.2,0.5,0.3,0,0.2,0,0.8,6.7
27.02.2023,0,12.1,0.6,10.9,41.7,19.9,0.5,0.9,0.3,0,1.7,4,1.3,0.4,0.3,0,0.3,0,0.9,5.2
28.02.2023,0,12.2,0.6,10.8,50.3,22.6,0.5,0.9,0.3,0,1.7,3.8,1.3,0.4,0.3,0,0.3,0,0.3,6.1
01.03.2023,0,11.5,0.6,10.4,27.9,21.9,0.4,0.9,0.3,0,1.5,3.9,1.3,0.5,0.3,0,0.3,0,0.4,3.4
02.03.2023,0,11.7,0.6,10.5,32.5,23,0.4,0.9,0.3,0,1.5,4.2,1.2,0.5,0.3,0,0.3,0,0.2,7.3
03.03.2023,0,11.5,0.6,10.7,38.8,26.3,0.4,1,0.3,0,1.5,4,1.2,0.5,0.3,0,0.3,0,0.2,7.6
04.03.2023,0,8.8,0.6,9.3,18.9,20.5,0.4,1,0.3,0,1.5,4.2,1.2,0.5,0.3,0,0.3,0,0.2,11.8
05.03.2023,0,8.3,0.6,9,19.2,21.4,0.4,1,0.3,0,1.3,4.2,1.2,0.5,0.2,0,0.3,0,0.1,10.4
06.03.2023,0,11.6,0.6,10.5,41.5,27.9,0.4,0.9,0.3,0,1.4,3.9,0.1,0.5,0.3,0,0.3,0,0.3,8.3
07.03.2023,0,11,0.6,10.8,27.3,23.7,0.4,0.9,0.3,0,1.4,4,0.1,0.5,0.3,0,0.2,0,0.5,10.8
08.03.2023,0,11.2,0.6,10.7,31.7,25.4,0.4,0.9,0.3,0,1.3,3.9,0.1,0.4,0.3,0,0.3,0,1.2,4.3
09.03.2023,0,12.4,0.6,12.9,29.7,22.2,0.4,1,0.3,0,1.2,4.2,0,0.4,0.2,0,0.2,0,1,11.8
10.03.2023,0,12.8,0.6,14.1,18.4,21.1,0.4,0.9,0.3,0,1.4,4.3,0,0.4,0.3,0,0.3,0,1.1,5.1
11.03.2023,0,12.4,0.6,14.6,15.9,16.8,0.4,1,0.3,0,1.3,4.3,0.1,0.3,0.3,0,0.3,0,0.2,3.2
12.03.2023,0,11.9,0.6,14.1,6.7,9.1,0.5,1,0.3,0,1.3,4.5,0,0.5,0.3,0,0.3,0,0.8,7.8
13.03.2023,0,14.3,0.7,15.6,9.1,11.8,0.5,0.9,0.3,0,1.2,4.7,0,0.4,0.2,0,0.2,0,1.2,12.8
14.03.2023,0.1,19.5,0.7,20.3,22.3,17.5,0.5,0.9,0.3,0,1.2,4.3,0,0.4,0.3,0,0.1,0,1.1,5.5
15.03.2023,0,18.5,0.7,19.6,29.5,18.5,0.5,0.9,0.3,0,1.3,4.1,0.1,0.4,0.3,0,0.2,0,0.4,15.1
16.03.2023,0,16.1,0.7,18.1,13.1,14.8,0.5,0.9,0.3,0,1.3,4.1,0.1,0.4,0.3,0,0.2,0,0.4,15.7
17.03.2023,0,15.4,0.7,17.4,23.3,14.9,0.5,1,0.3,0,1.3,4.2,0,0.4,0.3,0,0.1,0,0.8,13.2
18.03.2023,0,13.7,0.7,16.6,13.7,10.4,0.5,0.9,0.3,0,1.2,4.7,0,0.4,0.2,0,0.1,0,0.2,14.8
19.03.2023,0,13.9,0.7,16.1,19.2,11.4,0.5,0.9,0.3,0,1.1,4.7,0,0.4,0.1,0,0.1,0,0.3,7.4
20.03.2023,0,16.5,0.6,16.3,34.4,20.1,0.5,0.9,0.3,0,1.2,4.4,0,0.4,0.2,0,0.1,0,0.1,12.2
21.03.2023,0,15.3,0.6,15.4,23.6,16.4,0.5,0.9,0.3,0,1.1,4.3,0,0.4,0.2,0,0.1,0,0.1,13.3
22.03.2023,0,14.7,0.7,14.9,12.6,11.7,0.5,1,0.3,0,1,4.4,0,0.4,0.2,0,0.1,0,0.3,17
23.03.2023,0,15.6,0.6,14.9,20.9,13.2,0.6,1,0.3,0,1.1,4.8,0,0.4,0.1,0,0.1,0,0.8,7.6
24.03.2023,0,17.5,0.6,15.7,15.7,12.6,0.6,1,0.3,0,1.1,4.8,0,0.4,0.1,0,0.1,0,1.1,3.2
25.03.2023,0,18.1,0.7,17.3,5.7,9.6,0.6,1,0.3,0,1.2,4.8,0,0.4,0.2,0,0.1,0,1,9.5
26.03.2023,0,15.6,0.6,16.4,4.7,8.6,0.6,0.9,0.3,0,1.1,4.6,0,0.4,0.1,0,0.1,0,0.8,6.2
27.03.2023,0,18.1,0.7,17.5,29.2,13.4,0.6,0.9,0.3,0,1.2,4.5,0.1,0.4,0.2,0,0.1,0,0.5,7.9
28.03.2023,0,17.2,0.7,17,28,14.3,0.6,0.9,0.3,0,1.3,4.5,0,0.4,0.2,0,0.1,0,0.3,16.4
29.03.2023,0,17.2,0.6,16.8,26.3,15.5,0.6,0.9,0.3,0,1.2,4.7,0,0.4,0.2,0,0.1,0,0.8,9
30.03.2023,0,19.9,0.7,18,11.9,10.1,0.6,0.9,0.3,0,1.3,4.6,0,0.4,0.2,0,0.1,0,1,6.3
31.03.2023,0,23,0.7,19.2,20.6,15.1,0.7,0.9,0.3,0,1.3,4.5,0,0.4,0.1,0,0.1,0,1.1,8.1
01.04.2023,0,19.5,0.7,19.2,5.6,8.8,0.7,0.9,0.3,2.1,0,4.7,0,0,0,0.7,0,0,0.9,10
02.04.2023,0,17.6,0.7,17.7,8.8,8.9,0.6,0.9,0.3,1.9,0,4.9,0,0,0,0.7,0,0,0.2,13.1
03.04.2023,0,19.9,0.7,17.7,25.5,14.1,0.6,0.9,0.3,2.3,0,4.7,0,0,0,0.8,0,0.1,0.5,10.5
04.04.2023,0,19,0.7,16,23.6,13.6,0.6,0.9,0.3,2.3,0,4.5,0,0,0,0.8,0,0.1,0.7,22.3
05.04.2023,0,17.8,0.7,15,33.7,14.7,0.6,0.9,0.3,2.4,0,4.4,0,0,0,0.9,0,0.1,0.3,22.4
06.04.2023,0,16.6,0.7,14.5,24,13.8,0.6,0.9,0.3,2.4,0,4.4,0,0,0,0.6,0,0.1,0.2,19.2
07.04.2023,0,14.5,0.7,14.5,15.1,12.3,0.6,0.9,0.3,2.3,0,4.6,0,0,0,0.4,0,0.1,0.2,9.4
08.04.2023,0,13.8,0.7,13.1,21.6,14.5,0.6,0.9,0.3,2.1,0,4.7,0,0,0,0.3,0,0,0.2,13.2
09.04.2023,0,12.2,0.7,11.7,5.6,5.4,0.6,0.9,0.3,1.8,0,4.7,0,0,0,0.3,0,0,0.3,21.3
10.04.2023,0,11.9,0.7,11.9,3.8,4.3,0.6,0.9,0.3,1.7,0,4.9,0,0,0,0.3,0,0,0.2,19
11.04.2023,0,15.7,0.7,13.1,29.3,14.8,0.6,0.9,0.3,2.1,0,4.8,0,0,0,0.3,0,0,0.7,8
12.04.2023,0,16.9,0.7,14.6,26.4,15.1,0.6,0.9,0.3,2.3,0,4.7,0,0,0,0.3,0,0,1,9
13.04.2023,0,19.2,0.7,16.3,22.1,15.1,0.6,1,0.3,2.4,0,4.5,0,0,0,0.4,0,0.1,0.7,12.7
14.04.2023,0,18.1,0.7,15.2,14.2,10.9,0.6,0.9,0.3,2.3,0,4.5,0,0,0,0.3,0,0,0.3,20
15.04.2023,0,15.3,0.7,15.1,9.2,9.9,0.6,0.9,0.3,2.1,0,4.7,0,0,0,0.3,0,0.1,0.3,8.6
16.04.2023,0.1,15.6,0.7,16.1,12.2,9.1,0.6,1,0.3,2.1,0,4.7,0,0,0,0.3,0,0.1,0.5,5.3
17.04.2023,0,18.3,0.7,17.9,26.2,12.7,0.6,0.9,0.3,2.3,0,4.4,0,0,0,0.3,0,0,0.3,15.5
18.04.2023,0,17,0.7,17.2,19.7,11.3,0.6,0.9,0.3,2.2,0,4.5,0,0,0,0.5,0,0,0.4,18.8
19.04.2023,0,18.1,0.7,17.2,19.3,8.9,0.6,0.9,0.3,2.2,0,4.5,0,0,0,0.3,0,0,0.3,12.7
20.04.2023,0.1,19.9,0.7,17.8,31.3,16.3,0.6,0.9,0.3,1.9,0,4.3,0,0,0,0.3,0,0.1,0.2,4.7
21.04.2023,0,19.8,0.7,18.1,22.7,15.5,0.6,1,0.3,1.9,0,4.2,0,0,0,0.3,0,0.1,0.4,12.7
22.04.2023,0,16.9,0.7,16.5,8.2,8.4,0.6,1,0.3,1.7,0,4.4,0,0,0,0.2,0,0,0.6,14.4
23.04.2023,0,17.9,0.7,16.3,6,8.4,0.7,0.9,0.3,1.6,0,4.6,0,0,0,0.1,0,0,0.6,15.3
24.04.2023,0.1,23,0.7,18.8,9.9,11.4,0.7,0.9,0.3,1.7,0,4.6,0,0,0,0.2,0,0,0.7,15.7
25.04.2023,0,22.2,0.7,18.4,15.2,12.9,0.7,0.9,0.3,1.8,0,4.5,0,0,0,0.2,0,0.1,0.4,13.3
26.04.2023,0,21.4,0.7,18.5,21.8,15,0.7,0.9,0.3,1.8,0,4.5,0,0,0,0.2,0,0,0.1,20.5
27.04.2023,0,20.3,0.7,17.8,21.1,12.2,0.7,0.9,0.3,1.6,0,4.5,0,0,0,0.2,0,0,0.1,21.4
28.04.2023,0,22.5,0.7,19.1,29,13.9,0.7,0.9,0.3,1.7,0,4.4,0,0,0,0.2,0,0,0.6,8.4
29.04.2023,0.1,27.8,0.8,21.8,10.7,15.1,0.8,0.9,0.3,1.7,0,4.6,0,0,0,0.1,0,0,0.1,17.7
30.04.2023,0.1,29.7,0.8,22.6,11.9,16.9,0.8,0.9,0.3,1.7,0,5,0,0,0,0.1,0,0,0.3,11.6
01.05.2023,0.1,30.9,0.7,23.9,11.7,21.2,0.8,0.9,0.3,1.7,0,4.9,0,0,0,0.1,0,0,0.1,8.8
02.05.2023,0.1,30.6,0.7,23.4,23,23.7,0.9,0.9,0.3,1.7,0,4.9,0,0,0,0.1,0,0,0.4,17.9
03.05.2023,0,29,0.8,23.2,28.9,22.8,0.9,0.9,0.3,1.8,0,5,0,0,0,0.2,0,0,0.5,24.9
04.05.2023,0,29.4,0.7,22.7,29.9,20.7,0.9,0.9,0.3,1.6,0,4.8,0,0,0,0.1,0,0,0.2,25.2
05.05.2023,0,30.8,0.7,23.1,30.9,23.6,0.9,0.9,0.3,1.5,0,5,0,0,0,0.1,0,0,0.2,19.6
06.05.2023,0,31.9,0.8,22.9,18,21,0.9,0.9,0.3,1.6,0,5.3,0,0,0,0.1,0,0,0.1,20.8
07.05.2023,0,33,0.8,23.8,12,19.1,0.9,0.9,0.3,1.6,0,5.4,0,0,0,0.1,0,0,0.2,13.7
08.05.2023,0.1,35.9,0.7,24.8,29.9,30.6,0.9,0.9,0.3,1.6,0,5.1,0,0,0,0.2,0,0,0.1,12.6
09.05.2023,0.1,36.6,0.7,25.1,33.4,34.2,0.9,0.9,0.3,1.6,0,5,0,0,0,0.1,0,0,0.3,14.4
10.05.2023,0.1,37.7,0.7,26.1,43.7,37,0.9,0.9,0.3,1.8,0,5.3,0,0,0,0.2,0,0,0.7,13.1
11.05.2023,0.1,35.9,0.6,25.2,44,38.1,0.9,0.9,0.3,1.9,0,4.8,0,0,0,0.2,0,0,0.3,13.2
12.05.2023,0.1,34.3,0.6,24.8,35.9,33.7,0.9,0.9,0.3,1.9,0,4.8,0,0,0,0.2,0,0,0.1,16.8
13.05.2023,0,32,0.6,23.9,18.9,23.6,0.9,0.9,0.3,1.7,0,5.4,0,0,0,0.1,0,0,0.1,11.8
14.05.2023,0,31.3,0.7,23.1,22.6,20.7,0.9,0.9,0.3,1.6,0,5.5,0,0,0,0.1,0,0,0.3,12.6
15.05.2023,0,32.4,0.7,24,32.7,23.9,0.9,0.9,0.3,1.8,0,5.2,0,0,0,0.2,0,0,0.3,15.1
16.05.2023,0.1,32.7,0.7,23.1,28.5,24.3,0.9,0.9,0.3,1.8,0,5.1,0,0,0,0.1,0,0,0.8,6.4
17.05.2023,0.1,30.6,0.6,21.9,26.4,21.1,0.9,1,0.3,1.8,0,5.1,0,0,0,0.2,0,0,0.8,15.3
18.05.2023,0,26.8,0.7,21.1,14.6,15.8,0.9,1,0.3,1.7,0,5.2,0,0,0,0.1,0,0,0.5,14.5
19.05.2023,0,28.1,0.8,22.1,17.7,15.9,0.9,1,0.3,1.7,0,5.3,0,0,0,0.1,0,0,0.2,13.5
20.05.2023,0,27.9,0.8,21.7,6.9,14,0.9,1,0.3,1.5,0,5.5,0,0,0,0.1,0,0,0.3,11.8
21.05.2023,0,28.1,0.8,21.6,13.4,16.3,0.9,0.9,0.3,1.3,0,5.5,0,0,0,0.1,0,0,0.2,21.4
22.05.2023,0,32.1,0.8,23,41.6,31.3,0.9,0.9,0.3,1.4,0,5.3,0,0,0,0.1,0,0,0.1,24.6
23.05.2023,0,34,0.8,23.4,25.8,27.5,0.9,0.9,0.3,1.4,0,5.5,0,0,0,0.1,0,0,0.2,17.6
24.05.2023,0.1,35.3,0.8,23.9,48.9,36.2,0.9,0.9,0.3,1.5,0,5.1,0,0,0,0.1,0,0,0.2,8.1
25.05.2023,0,35.7,0.8,24.7,31.1,31.7,1,0.9,0.3,1.6,0,4.8,0,0,0,0.1,0,0,0.4,19.1
26.05.2023,0,34.8,0.8,24,24.6,28.6,1,0.9,0.3,1.4,0,4.9,0,0,0,0.1,0,0,0.3,25.6
27.05.2023,0,34,0.8,23.6,23,28,1,0.9,0.3,1.2,0,4.6,0,0,0,0.1,0,0,0.4,26.2
28.05.2023,0,33.2,0.8,22.9,11.6,21.3,1,0.9,0.3,1.2,0,4.7,0,0,0,0.1,0,0,0.3,25.8
29.05.2023,0,34,0.8,22.5,14.3,21.8,0.9,0.9,0.3,1.2,0,4.8,0,0,0,0.1,0,0,0.5,26.9
30.05.2023,0,35.1,0.8,22.6,37.2,33.4,0.9,0.9,0.3,1.4,0,4.7,0,0,0,0.1,0,0,0.5,25.9
31.05.2023,0,34.3,0.8,22.7,37.4,33.3,0.9,0.9,0.3,1.4,0,4.6,0,0,0,0.1,0,0,0.4,24.8
01.06.2023,0,33.1,0.8,21.6,36.1,36.1,0.9,0.9,0.3,1.3,0,4.3,0,0,0,0.1,0,0,0.2,23
02.06.2023,0,33.7,0.8,22.3,30.8,35.8,0.9,0.9,0.3,1.2,0,4.3,0,0,0,0.1,0,0,0.2,24.2
03.06.2023,0,32.6,0.8,22.7,17,25.3,0.9,0.9,0.3,1.1,0,4.4,0,0,0,0,0,0,0.2,22.7
04.06.2023,0,31.4,0.8,22,17.7,24.7,0.9,0.9,0.3,1.1,0,3.9,0,0,0,0,0,0,0.1,19.9
05.06.2023,0,32.8,0.8,22.4,28.4,35.7,0.9,0.8,0.3,1.1,0,3.8,0,0,0,0.1,0,0,0.3,23.3
06.06.2023,0,32,0.8,21.2,31.1,39.4,0.9,0.9,0.3,1.2,0,3.7,0,0,0,0.1,0,0,0.2,23.8
07.06.2023,0,32.6,0.7,20.8,31.7,40.1,0.9,0.9,0.3,1.2,0,3.6,0,0,0,0.1,0,0,0.2,23.5
08.06.2023,0,33.2,0.7,20.3,23.5,37.2,0.9,0.8,0.3,1.3,0,3.8,0,0,0,0.1,0,0,0.1,21
09.06.2023,0,32.7,0.7,20.9,24.8,31.4,0.9,0.9,0.3,1.6,0,3.9,0,0,0,0.1,0,0,0.1,22.5
10.06.2023,0,32.2,0.7,21.6,10.6,27.2,0.9,0.9,0.3,1.1,0,4.1,0,0,0,0,0,0,0.1,20.6
11.06.2023,0,30.5,0.7,21.2,12.8,22.2,0.9,0.8,0.3,1.1,0,3.8,0,0,0,0,0,0,0.2,22.7
12.06.2023,0,34.1,0.7,20.9,32.1,31.5,0.9,0.8,0.3,1.2,0,3.7,0,0,0,0.1,0,0,0.2,24.6
13.06.2023,0,33.6,0.8,21.7,26.1,31.2,0.9,0.8,0.3,1.3,0,3.8,0,0,0,0.1,0,0,0.2,23.5
14.06.2023,0,33,0.8,21.5,26.3,32.2,0.9,0.8,0.3,1.2,0,4.2,0,0,0,0,0,0,0.3,25.4
15.06.2023,0,33,0.8,21.3,33.2,36.3,0.9,0.9,0.3,1.2,0,4,0,0,0,0,0,0,0.2,22.8
16.06.2023,0,31.9,0.8,20.7,33.8,40.7,0.9,0.9,0.3,1.2,0,4.1,0,0,0,0.1,0,0,0.2,21.7
17.06.2023,0,28.9,0.7,19.4,24.5,30,0.9,0.9,0.3,1.1,0,4.3,0,0,0,0,0,0,0.1,23.4
18.06.2023,0,27.9,0.7,18.7,17.4,27.2,0.8,0.9,0.2,1.1,0,4.2,0,0,0,0,0,0,0.2,20.2
19.06.2023,0,30,0.7,19.9,26.8,34.4,0.8,0.9,0.3,1.4,0,4.1,0,0,0,0.1,0,0,0.3,19.1
20.06.2023,0,31.9,0.7,20.4,34.4,38.8,0.9,0.9,0.3,1.6,0,4,0,0,0,0.1,0,0,0.3,20.1
21.06.2023,0,33.9,0.8,21,31.7,43.2,0.9,0.9,0.3,1.6,0,4.1,0,0,0,0.1,0,0,0.3,16.5
22.06.2023,0,34.1,0.8,20.9,34,47.6,0.9,0.9,0.3,1.6,0,4.3,0,0,0,0.1,0,0,0.6,11.6
23.06.2023,0.1,34.3,0.8,22.5,23.5,43.4,0.9,0.9,0.3,1.6,0,4.5,0,0,0,0.1,0,0,0.7,20.6
24.06.2023,0,32.6,0.8,21.7,22.6,38.4,0.9,0.9,0.3,1.2,0,4.5,0,0,0,0.1,0,0,0.5,25.3
25.06.2023,0,30.1,0.8,20,22.5,35.1,0.9,0.9,0.3,1.2,0,4.5,0,0,0,0,0,0,0.3,24.8
26.06.2023,0,30.5,0.8,20.2,24.9,38,0.8,0.8,0.2,1.4,0,4.4,0,0,0,0.1,0,0,0.4,22.2
27.06.2023,0,30.8,0.7,20.1,31.9,42.6,0.8,0.9,0.2,1.5,0,4.4,0,0,0,0.1,0,0,0.2,20.2
28.06.2023,0,29.8,0.7,19.4,36.3,41.2,0.8,0.9,0.2,1.5,0,4.6,0,0,0,0.1,0,0,0.2,20.1
29.06.2023,0,29.5,0.7,19.1,34.3,45.5,0.8,0.9,0.3,1.5,0,4.9,0,0,0,0.1,0,0,0.1,18.8
30.06.2023,0,31.5,0.7,20.2,27.6,43.3,0.8,0.9,0.3,1.6,0,5,0,0,0,0.1,0,0,0.4,7.6
01.07.2023,0,29.8,0.8,20,12.3,27.2,0.8,0.9,0.3,1.1,0,5.2,0,0,0,0,0,0,0.4,19
02.07.2023,0,27,0.8,18.9,11.4,18.1,0.8,0.9,0.3,1.1,0,5.2,0,0,0,0,0,0,0.5,17.8
03.07.2023,0,29,0.7,20,28.6,32.4,0.8,0.9,0.2,1.1,0,5.1,0,0,0,0.1,0,0,0.4,22.7
04.07.2023,0,29.1,0.7,19.5,42.8,38.1,0.8,0.9,0.3,1.2,0,5,0,0,0,0.1,0,0,0.3,23.8
05.07.2023,0,28.2,0.7,18.9,25.9,31,0.8,0.9,0.3,1.2,0,5,0,0,0,0.1,0,0,0.6,16.6
06.07.2023,0,28.4,0.7,18,50.5,37,0.8,0.9,0.3,1.2,0,5.1,0,0,0,0.1,0,0,0.1,25.5
07.07.2023,0,25.9,0.7,17.5,40.6,34.8,0.8,0.9,0.3,1.1,0,5,0,0,0,0.1,0,0,0.1,27.7
08.07.2023,0,24.7,0.7,16.7,34.7,27.8,0.7,0.9,0.3,1,0,4.9,0,0,0,0,0,0,0.2,21
09.07.2023,0,23.8,0.7,16.1,36.8,29.7,0.7,0.9,0.2,0.9,0,4.6,0,0,0,0,0,0,0.1,26.2
10.07.2023,0,27.5,0.7,17.1,70.1,41.1,0.7,0.8,0.2,0.9,0,4.5,0,0,0,0,0,0,0.1,23.1
11.07.2023,0,27,0.7,17.4,59.7,43.4,0.7,0.8,0.2,1,0,4.5,0,0,0,0.4,0,0,0.4,25.6
12.07.2023,0,30.9,0.7,19.8,46,41.9,0.7,0.9,0.2,0.9,0,4.6,0,0,0,1.1,0,0,0.4,12
13.07.2023,0,34.6,0.8,22.9,39.1,38,0.8,0.9,0.2,0.9,0,4.7,0,0,0,0.6,0,0,0.2,20
14.07.2023,0,32,0.8,21.3,37.7,38.4,0.8,0.9,0.2,1,0,4.8,0,0,0,0.1,0,0,0.2,27
15.07.2023,0,28.5,0.8,20,15,26.1,0.8,0.9,0.2,0.9,0,5.1,0,0,0,0,0,0,0.6,24.1
16.07.2023,0,26.2,0.7,18.9,27.5,27.5,0.8,0.9,0.2,0.9,0,5.5,0,0,0,0,0,0,0.4,20.9
17.07.2023,0,27.6,0.7,19.3,42.5,37.6,0.8,0.8,0.2,0.9,0,5.4,0,0,0,0.1,0,0,0.2,22.7
18.07.2023,0,27.8,0.7,18.5,61.4,41.1,0.7,0.8,0.3,0.9,0,5.4,0,0,0,0.1,0,0,0.2,19.3
19.07.2023,0,28.2,0.7,18.4,67.8,44.6,0.7,0.9,0.3,0.9,0,5.4,0,0,0,0.1,0,0,0.5,22.4
20.07.2023,0,27.4,0.7,17.9,60.6,41.8,0.7,0.9,0.3,1,0,5.5,0,0,0,0.1,0,0,0.2,25.2
21.07.2023,0,27.1,0.7,18.3,63.2,41.8,0.7,0.9,0.3,0.9,0,5.5,0,0,0,0.1,0,0,0.2,15.9
22.07.2023,0,25,0.8,18.2,30,31.1,0.7,0.9,0.2,0.8,0,5.5,0,0,0,0,0,0,0.3,25
23.07.2023,0,22.4,0.8,16.9,19,22.6,0.7,0.8,0.2,0.8,0,5.5,0,0,0,0,0,0,0.4,23.9
24.07.2023,0,26.9,0.7,18.5,61.4,37.1,0.7,0.8,0.2,0.8,0,5.4,0,0,0,0.1,0,0,0.8,12
25.07.2023,0.1,29.2,0.7,20,58.8,37.6,0.7,0.9,0.2,0.8,0,5.6,0,0,0,0.1,0,0,0.9,16.3
26.07.2023,0.1,30.4,0.7,22.2,34.2,31.8,0.7,0.9,0.2,0.8,0,5.5,0,0,0,0.1,0,0,0.5,16.2
27.07.2023,0,27.9,0.7,20.6,48.2,28.6,0.7,0.9,0.2,0.8,0,5.6,0,0,0,0.1,0,0,0.4,21.1
28.07.2023,0,26.5,0.8,19.6,57.5,34.5,0.7,0.9,0.2,0.8,0,5.6,0,0,0,0.1,0,0,0.5,18.1
29.07.2023,0,24.8,0.8,17.8,36.6,30.4,0.7,0.9,0.2,0.8,0,5.7,0,0,0,0,0,0,0.6,12.4
30.07.2023,0,25.6,0.8,18.3,13.6,18.2,0.7,0.9,0.2,0.8,0,5.6,0,0,0,0,0,0,0.5,22.4
31.07.2023,0,27,0.8,17.8,25.7,29.3,0.7,0.9,0.2,0.8,0,5.5,0,0,0,0.1,0,0,0.3,23.6
01.08.2023,0,25.1,0.8,17,36.3,28.6,0.7,0.9,0.2,0.8,0,5.4,0,0,0,0.1,0,0,1,10
02.08.2023,0,24.9,0.8,17.9,28,26.7,0.7,0.9,0.2,0.8,0,5.4,0,0,0,0.1,0,0,1.1,20.2
03.08.2023,0,25.2,0.8,18.2,31,26.8,0.7,0.9,0.2,0.9,0,5.4,0,0,0,0.1,0,0,0.9,22.7
04.08.2023,0,29.3,0.8,17.9,60.5,41.1,0.7,0.9,0.2,0.8,0,5.2,0,0,0,0.1,0,0,0.5,14.8
05.08.2023,0.1,28.8,0.8,19.4,42.5,35,0.7,0.9,0.2,0.8,0,5.1,0,0,0,0.1,0,0,0.6,17.3
06.08.2023,0.1,25.9,0.8,19.4,12,15.9,0.7,0.9,0.2,0.7,0,5.3,0,0,0,0.1,0,0,1.1,13.6
07.08.2023,0.1,28.3,0.8,20.8,15.9,23,0.8,0.9,0.2,0.6,0,5,0,0,0,0.1,0,0,0.5,17.3
08.08.2023,0,27.5,0.8,20.1,32.8,25.7,0.8,0.9,0.2,0.6,0,5,0,0,0,0.1,0,0,0.1,21.7
09.08.2023,0,27.9,0.8,19.3,47.9,33.5,0.7,0.9,0.2,0.6,0,4.9,0,0,0,0.1,0,0,0.3,15.2
10.08.2023,0,26.9,0.8,18.4,55.9,32.7,0.7,0.9,0.2,0.6,0,4.8,0,0,0,0.1,0,0,0.1,24.3
11.08.2023,0,26.3,0.7,18,48.5,29.9,0.7,0.9,0.2,0.7,0,4.8,0,0,0,0.1,0,0,0.1,25
12.08.2023,0,24.2,0.8,16.6,30.9,24.8,0.7,0.8,0.2,0.8,0,4.9,0,0,0,0,0,0,0.2,16.7
13.08.2023,0,23.7,0.8,16.1,29.5,23.2,0.7,0.8,0.2,0.8,0,4.9,0,0,0,0,0,0,0.1,20.4
14.08.2023,0,26.5,0.7,16.9,45.7,32.3,0.7,0.8,0.2,0.8,0,4.6,0,0,0,0,0,0,0.2,20.5
15.08.2023,0,25.7,0.8,17.2,44.6,34.3,0.7,0.8,0.2,0.8,0,4.6,0,0,0,0,0,0,0.3,20.7
16.08.2023,0,26,0.7,17.7,44.6,34.4,0.7,0.8,0.2,0.9,0,4.8,0,0,0,0.1,0,0,0.2,23.4
17.08.2023,0,26,0.7,17.6,48.6,34.1,0.7,0.9,0.3,1.1,0,4.7,0,0,0,0.1,0,0,0.1,15.7
18.08.2023,0,24.9,0.7,17.2,50.3,35.5,0.7,0.8,0.3,1.1,0,4.8,0,0,0,0.1,0,0,0.1,23.3
19.08.2023,0,23.2,0.7,15.8,35.4,31.3,0.6,0.8,0.3,1,0,4.7,0,0,0,0,0,0,0.1,21.7
20.08.2023,0,21.8,0.7,15.4,42.4,31,0.6,0.8,0.2,0.9,0,4.7,0,0,0,0,0,0,0.1,22.2
21.08.2023,0,25,0.7,16.8,66.4,36.3,0.6,0.8,0.2,1,0,4.5,0,0,0,0,0,0,0.1,22.3
22.08.2023,0,24.9,0.7,16.4,65.7,37.9,0.6,0.8,0.2,0.8,0,4.5,0,0,0,0,0,0,0.1,21.9
23.08.2023,0,25.1,0.7,16.2,60.6,36.4,0.6,0.8,0.2,1,0,4.6,0,0,0,0,0,0,0.1,21.7
24.08.2023,0,24.4,0.7,16.9,51.7,33,0.6,0.9,0.2,1.1,0,4.7,0,0,0,0.1,0,0,0.3,19.7
25.08.2023,0,23.9,0.7,18.3,63.7,35.7,0.6,0.9,0.3,1.1,0,4.9,0,0,0,0.1,0,0,0.7,12.3
26.08.2023,0.1,26.6,0.7,20.1,32,32.1,0.6,0.9,0.3,1,0,5.1,0,0,0,0,0,0,0.2,6.6
27.08.2023,0.1,30.5,0.7,22.9,19.7,36,0.6,0.9,0.3,1.1,0,5,0,0,0,0,0,0,0.3,5.5
28.08.2023,0.1,30.4,0.7,24.8,47.7,39.5,0.7,0.9,0.2,1.2,0,4.8,0,0,0,0.1,0,0,0.6,4.6
29.08.2023,0.1,30.3,0.6,24.1,45.6,36.9,0.8,0.9,0.2,1.2,0,4.4,0,0,0,0.4,0,0,0.4,8.3
30.08.2023,0.1,31.1,0.7,24.2,47.4,36.8,0.8,0.9,0.2,1.2,0,4.2,0,0,0,0.1,0,0,0.2,16.1
31.08.2023,0,30.8,0.8,23.7,46.6,32.9,0.8,0.9,0.2,1.3,0,4.3,0,0,0,0.1,0,0,0.3,12.4
01.09.2023,0,27.9,0.8,22.4,49.7,32.1,0.8,0.9,0.2,1.3,0,4.5,0,0,0,0.1,0,0,0.4,21.3
02.09.2023,0,25.3,0.7,20.5,36.1,26.8,0.8,0.8,0.2,1.3,0,4.8,0,0,0,0.1,0,0,0.1,21.6
03.09.2023,0,23.2,0.7,18.9,26.4,23.2,0.8,0.8,0.2,1.2,0,4.7,0,0,0,0,0,0,0.3,19.4
04.09.2023,0,24.4,0.7,18,36.8,24.7,0.7,0.8,0.2,1.2,0,4.7,0,0,0,0,0,0,0.6,21.4
05.09.2023,0,24.8,0.7,17.8,33.2,27.1,0.7,0.8,0.2,1.3,0,4.6,0,0,0,0.1,0,0,0.2,21.1
06.09.2023,0,24.3,0.7,17.4,38.8,28.1,0.7,0.8,0.3,1.4,0,4.7,0,0,0,0.1,0,0,0.2,21.1
07.09.2023,0,24.1,0.7,17.1,37.4,28.9,0.7,0.8,0.3,1.4,0,4.6,0,0,0,0,0,0,0.1,20.4
08.09.2023,0,23.4,0.7,17,45.4,30.1,0.7,0.9,0.3,1.4,0,4.7,0,0,0,0.1,0,0,0.1,19.7
09.09.2023,0,21.7,0.7,16.7,38.4,30,0.7,0.9,0.3,1.4,0,4.9,0,0,0,0,0,0,0.1,19.5
10.09.2023,0,20.6,0.7,16.5,40,25.5,0.7,0.9,0.2,1.4,0,4.7,0,0,0,0,0,0,0.1,19.6
11.09.2023,0,23.3,0.5,17.2,54.3,33.5,0.7,0.9,0.2,1.4,0,4,0,0,0,0,0,0,0.1,19.4
12.09.2023,0,22.3,0.5,16.6,57.4,35.7,0.7,0.8,0.3,1.4,0,4.3,0,0,0,0.1,0,0,0.1,15.8
13.09.2023,0,22.8,0.5,16.9,52.3,36.2,0.7,0.9,0.3,1.3,0,4.4,0,0,0,0.1,0,0,0.1,6.3
14.09.2023,0,21.9,0.5,17.3,49.2,35.8,0.7,0.9,0.3,1.3,0,4.4,0,0,0,0.1,0,0,0.1,12.5
15.09.2023,0,20.2,0.6,17.4,38.1,28,0.6,0.9,0.3,1.4,0,4.4,0,0,0,0,0,0,0.2,14.4
16.09.2023,0,17.3,0.7,15.3,37.2,24.2,0.6,0.9,0.3,1.2,0,4.1,0,0,0,0,0,0,0.2,14.2
17.09.2023,0,16.4,0.7,14.3,35.1,23.6,0.6,0.8,0.3,1.2,0,3.8,0,0,0,0,0,0,0.2,16.2
18.09.2023,0,21,0.7,17.4,39.1,30.4,0.6,0.8,0.2,1.2,0,4,0,0,0,0.1,0,0,1,4.4
19.09.2023,0,21.5,0.7,18.6,32.8,25.1,0.7,0.9,0.3,1.3,0,4.1,0,0,0,0.1,0,0,0.3,14.9
20.09.2023,0,21.2,0.7,18.3,29.3,27.6,0.7,0.9,0.3,1.4,0,4.4,0,0,0,0.1,0,0,0.2,17.5
21.09.2023,0,22.9,0.7,19.1,45.2,31.6,0.7,0.9,0.2,1.5,0,4.5,0,0,0,0.1,0,0,0.6,11.8
22.09.2023,0.1,26.9,0.7,21.7,46.7,33.8,0.7,0.9,0.2,1.3,0,4.4,0,0,0,0.1,0,0,0.6,10.6
23.09.2023,0.1,26.1,0.7,20.9,30.1,27,0.8,0.9,0.3,1.4,0,4.6,0,0,0,0.1,0,0,0.3,11.6
24.09.2023,0,22.6,0.7,17.9,19.5,22.3,0.8,0.9,0.2,1.4,0,4.7,0,0,0,0.1,0,0,0.4,18.1
25.09.2023,0,23.5,0.7,17.6,43.3,29.9,0.8,0.9,0.2,1.5,0,4.5,0,0,0,0.1,0,0,0.1,18.5
26.09.2023,0,23.1,0.7,16.6,51.4,32.9,0.7,0.9,0.2,1.5,0,4.5,0,0,0,0.1,0,0,0.1,17.7
27.09.2023,0,21.3,0.7,16,40.2,30.9,0.7,0.9,0.3,1.5,0,4.5,0,0,0,0.1,0,0,0.1,17.1
28.09.2023,0,20.8,0.7,15.8,40.3,28.9,0.7,0.9,0.2,1.3,0,4.5,0,0,0,0.1,0,0,0.1,16
29.09.2023,0,19,0.7,15.3,27.8,24.8,0.7,0.9,0.2,1.4,0,4.7,0,0,0,0.1,0,0,0.3,15.4
30.09.2023,0,17.3,0.7,14.3,27.6,23.1,0.7,0.9,0.2,1.4,0,4.8,0,0,0,0.1,0,0,0.1,13.5
01.10.2023,0,17.4,0.7,13.9,21.3,23.7,0.7,0.9,0.2,1.4,0,4.5,0,0,0,0.1,0,0,0.1,16
02.10.2023,0,19.6,0.7,14.7,29,27.5,0.7,0.9,0.2,1.5,0,4.4,0,0,0,0.1,0,0,0.2,16.3
03.10.2023,0,17.5,0.7,14.4,20,22.3,0.6,0.9,0.3,1.5,0,4.3,0,0,0,0.1,0,0,0.8,13
04.10.2023,0,18.4,0.7,14.1,23.3,21.5,0.6,0.9,0.3,1.4,0,4.6,0,0,0,0.1,0,0,0.1,14.6
05.10.2023,0,19.1,0.7,13.4,31.2,25,0.6,0.9,0.3,1.4,0,4.6,0,0,0,0.1,0,0,0.1,14.1
06.10.2023,0,16.9,0.7,12.8,20.8,23.3,0.6,0.9,0.3,1.4,0,4.7,0,0,0,0.1,0,0,0.1,14.9
07.10.2023,0,13.6,0.7,12.5,11,16.3,0.6,0.9,0.2,1.4,0,4.9,0,0,0,0.1,0,0,0.2,14.8
08.10.2023,0,14.4,0.7,12,24.8,20,0.6,0.9,0.2,1.3,0,5,0,0,0,0.1,0,0,0.1,14.5
09.10.2023,0,17.4,0.7,12.3,42.5,29.6,0.6,0.9,0.2,1.3,0,4.9,0,0,0,0.1,0,0,0.2,13
10.10.2023,0,16.4,0.7,11.9,26.2,25.7,0.6,0.9,0.2,1.4,0,4.9,0,0,0,0.1,0,0,0.1,13
11.10.2023,0,14.7,0.7,11.2,16.9,21.6,0.6,0.9,0.2,1.3,0,4.9,0,0,0,0.1,0,0,0.4,14.6
12.10.2023,0,16.2,0.7,11.3,21.5,21.3,0.6,0.9,0.3,1.3,0,5,0,0,0,0.1,0,0,0.6,12.9
13.10.2023,0,14.3,0.7,11.1,17.4,15.7,0.6,0.9,0.2,1.4,0,4.9,0,0,0,0.1,0,0,0.7,14
14.10.2023,0,11.9,0.7,10.7,13,12.8,0.6,0.9,0.2,1.4,0,5.1,0,0,0,0.1,0,0,0.8,6.5
15.10.2023,0,12.1,0.7,10.4,9.5,11.9,0.6,0.9,0.2,1.5,0,5,0,0,0,0.1,0,0,0.3,8
16.10.2023,0,13.9,0.6,10.7,22.6,20.4,0.6,0.8,0.2,1.5,0,4.5,0,0,0,0.2,0,0,0.6,13
17.10.2023,0,13.7,0.7,10.4,23.2,21.5,0.5,0.9,0.2,1.6,0,4.4,0,0,0,0.3,0,0,0.1,10.6
18.10.2023,0,12.6,0.7,9.9,20.7,24.8,0.5,0.9,0.2,1.6,0,4.5,0,0,0,0.3,0,0,0.7,5.3
19.10.2023,0,13.6,0.7,10.6,25.5,27.9,0.5,0.9,0.2,1.4,0,4.7,0,0,0,0.3,0,0,0.7,6.3
20.10.2023,0,17.9,0.7,14.4,21.8,25.4,0.6,0.9,0.2,1.2,0,4.7,0,0,0,0.2,0,0,1.1,2.6
21.10.2023,0,20,0.7,15.7,20.4,18.7,0.6,0.9,0.3,1.3,0,4.8,0,0,0,0.1,0,0,0.7,6
22.10.2023,0,20,0.7,14.9,20.2,22.1,0.6,0.9,0.3,1.3,0,4.4,0,0,0,0.1,0,0,0.3,11.2
23.10.2023,0,19.2,0.6,13.8,37.9,32.5,0.6,0.9,0.2,1.5,0,4.3,0,0,0,0.2,0,0,0.6,6.1
24.10.2023,0,21.6,0.6,16,35.2,34,0.6,0.9,0.2,1.6,0,4.2,0,0,0,0.2,0,0,0.4,1.9
25.10.2023,0,22.2,0.6,16.6,25.1,29.6,0.7,0.9,0.2,1.5,0,4.2,0,0,0,0.2,0,0,1,5.9
26.10.2023,0,24,0.7,17.7,27.9,34,0.7,0.9,0.2,1.7,0,4.2,0,0,0,0.2,0,0,0.7,4.3
27.10.2023,0.1,27.4,0.7,20.7,30.8,36,0.8,0.9,0.3,1.6,0,4.1,0,0,0,0.2,0,0,0.9,8.3
28.10.2023,0,24.6,0.7,20.1,25,27.4,0.8,1,0.3,1.7,0,4.6,0,0,0,0.1,0,0,1.1,10.1
29.10.2023,0,21.5,0.7,19.7,17.5,16.5,0.8,0.9,0.2,1.6,0,4.9,0,0,0,0.1,0,0,1.3,6.8
30.10.2023,0,24.8,0.7,19.7,33.9,33.6,0.7,0.9,0.2,1.7,0,4.7,0,0,0,0.2,0,0,0.8,3.3
31.10.2023,0,30.6,0.8,21.7,24.9,34.5,0.8,0.9,0.2,1.7,0,4.5,0,0,0,0.2,0,0,0.8,4.1
01.11.2023,0,27.3,0.7,20.6,22.3,30.4,0.8,1,0.3,1.7,0,4.6,0,0,0,0.2,0,0,1,6.2
02.11.2023,0,28.8,0.7,20.9,21.8,32.8,0.8,0.9,0.3,1.8,0,4.5,0,0,0,0.2,0,0,1.1,1.1
03.11.2023,0,31,0.8,21.4,47.4,35.6,0.8,1,0.3,1.8,0,4.5,0,0,0,0.3,0,0,0.5,5.7
04.11.2023,0,26.6,0.7,20.9,17.1,23.6,0.8,0.9,0.3,1.7,0,4.5,0,0,0,0.3,0,0,1.2,3.4
05.11.2023,0.1,25.2,0.7,21,13.9,16.8,0.8,0.9,0.2,1.7,0,4.7,0,0,0,0.3,0,0,1.2,4.6
06.11.2023,0,26.5,0.7,21.2,30.1,29.4,0.8,0.9,0.2,1.8,0,4.8,0,0,0,0.2,0,0,0.9,7.4
07.11.2023,0,25.5,0.7,20.7,25.7,28.8,0.8,0.9,0.2,1.8,0,4.7,0,0,0,0.2,0,0.1,0.7,6.1
08.11.2023,0,24.4,0.7,19.8,19,26,0.8,0.9,0.3,1.8,0,4.6,0,0,0,0.3,0,0.1,0.7,10.1
09.11.2023,0,24.5,0.7,19.1,22.9,28.8,0.8,0.9,0.3,1.8,0,4.3,0,0,0,0.4,0,0.1,1.3,3
10.11.2023,0,23.9,0.7,19.5,23.6,26.1,0.8,0.9,0.3,1.9,0,4.4,0,0,0,0.4,0,0.1,0.9,5.2
11.11.2023,0,20.8,0.7,19,17.8,18.5,0.8,0.9,0.3,1.7,0,4.6,0,0,0,0.4,0,0.1,0.6,4.8
12.11.2023,0,21.2,0.7,19.6,18.8,19.1,0.8,0.9,0.3,1.7,0,4.6,0,0,0,0.4,0,0.1,1,1.5
13.11.2023,0.1,27,0.7,21.3,30.5,27.3,0.8,0.9,0.2,1.7,0,4.7,0,0,0,0.3,0,0,1.2,2.2
14.11.2023,0.1,29.2,0.5,19.8,31.3,30.7,0.9,0.9,0.2,1.7,0,4.6,0,0,0,0.3,0,0.1,1.1,1.2
15.11.2023,0.1,29.7,0.3,16.4,30.5,32.5,0.9,0.9,0.2,1.8,0,4.7,0,0,0,0.4,0,0.1,0.9,5.6
16.11.2023,0.1,30.2,0.5,19.6,42,35.2,0.9,0.9,0.2,1.8,0,4.7,0,0,0,0.4,0,0.1,0.9,3.5
17.11.2023,0.1,29.7,0.5,19.6,38.9,35.8,0.9,0.9,0.2,1.8,0,4.6,0,0,0,0.4,0,0.1,0.7,2.8
18.11.2023,0.1,26.5,0.5,19.7,12.5,19.5,0.9,0.9,0.2,1.7,0,4.3,0,0,0,0.4,0,0.1,0.5,3.3
19.11.2023,0.1,27.2,0.5,20.2,8.9,17.7,0.9,0.9,0.2,1.5,0,4,0,0,0,0.3,0,0.1,1.1,2.5
20.11.2023,0,30,0.5,20.7,35.5,34.6,0.9,0.9,0.2,1.6,0,4,0,0,0,0.2,0,0.1,1,4.6
21.11.2023,0,30.1,0.5,21.3,34.9,37.3,0.9,1,0.3,1.8,0,4.1,0,0,0,0.3,0,0.1,0.5,3.4
22.11.2023,0.1,28.4,0.6,21.5,29.7,35.9,0.9,1,0.3,1.9,0,4.2,0,0,0,0.8,0,0.1,0.3,3.2
23.11.2023,0,25.9,0.6,21.3,16.1,30.2,0.9,1,0.3,1.9,0,4.1,0,0,0,0.5,0,0.1,0.3,6.6
24.11.2023,0,25,0.7,22,13.1,30.2,0.9,1,0.3,1.9,0,4,0,0,0,0.5,0,0.1,1.3,4
25.11.2023,0,23.2,0.7,20.6,11.8,22.7,0.8,1,0.3,1.9,0,4,0,0,0,0.5,0,0.1,0.9,2.9
26.11.2023,0,22.6,0.7,20,15.6,19.3,0.8,0.9,0.3,1.8,0,4,0,0,0,0.4,0,0.1,0.3,4.4
27.11.2023,0,24.2,0.8,21,30.3,30.2,0.8,0.9,0.3,1.9,0,3.9,0,0,0,0.7,0,0.1,1,2.8
28.11.2023,0,24.9,0.7,21,45.8,33.7,0.8,1,0.3,1.9,0,3.9,0,0,0,0.5,0,0.1,0.7,1.7
29.11.2023,0,24.1,0.8,21,41.4,33.4,0.8,1,0.3,1.9,0,3.9,0,0,0,0.8,0,0.1,0.3,6.1
30.11.2023,0,24.8,0.8,21.8,52.9,35,0.8,1,0.3,1.8,0,4,0,0,0,1.6,0,0.1,0.7,0.2
01.12.2023,0.1,25.6,0.5,20.5,73.1,35,0.9,1,0.3,1.8,0,3.8,0,0,0,2.2,0,0.1,0.1,0.4
02.12.2023,0,23.5,0.5,20.5,48.7,32.6,0.8,1,0.2,1.5,0,3.6,0,0,0,0.8,0,0,0.5,0.4
03.12.2023,0,20.6,0.5,20.2,22.7,24.1,0.8,0.9,0.2,1.5,0,3.8,0,0,0,0.8,0,0.1,0.2,1.1
04.12.2023,0,22.6,0.6,20.2,51.5,28.2,0.8,0.9,0.2,1.5,0,3.8,0,0,0,0.9,0,0.1,1.4,0.3
05.12.2023,0,22.7,0.6,20.7,57.3,27.6,0.8,0.9,0.2,1.5,0,3.9,0,0,0,1.2,0,0.1,1,1.2
06.12.2023,0,24.1,0.7,21.1,79.7,35,0.8,1,0.2,1.6,0,4,0,0,0,1.6,0,0,0.2,1.6
07.12.2023,0,22.1,0.7,21.3,66.1,31.1,0.8,1,0.2,1.6,0,3.9,0,0,0,1.3,0,0.1,0.6,2.2
08.12.2023,0,21.1,0.7,20.8,35.6,28.8,0.8,1,0.3,1.6,0,3.9,0,0,0,1.2,0,0.1,0.7,0.6
09.12.2023,0,19.9,0.7,20.1,11.9,14.2,0.8,1,0.3,1.6,0,3.9,0,0,0,0.8,0,0.1,0.9,1.4
10.12.2023,0.1,21.6,0.5,18.7,10.2,12.8,0.8,0.9,0.2,1.6,0,4.2,0,0,0,0.8,0,0.1,1.2,3
11.12.2023,0.1,24.5,0.5,19.4,40.3,25.5,0.8,0.9,0.2,1.7,0,4.3,0,0,0,0.7,0,0,0.9,1.1
12.12.2023,0.1,25.1,0.3,17.6,41.5,28.5,0.9,1,0.2,1.6,0,4.4,0,0,0,0.7,0,0,0.8,1.4
13.12.2023,0.1,25.2,0.3,17.5,39.1,26.6,0.9,1,0.2,1.7,0,4.3,0,0,0,0.7,0,0.1,0.5,1.9
14.12.2023,0.1,27.6,0.4,18.3,57.6,31.3,0.9,1,0.2,1.8,0,4.2,0,0,0,0.7,0,0.1,0.3,1.8
15.12.2023,0.1,24.6,0.4,19.4,36.1,27.5,0.9,1,0.2,1.7,0,4.1,0,0,0,0.8,0,0.1,0.2,4.7
16.12.2023,0,22,0.5,19.4,12.3,19.2,0.9,1,0.2,1.7,0,4,0,0,0,0.9,0,0.1,0.5,3.9
17.12.2023,0,21.3,0.5,19.4,14.8,16.1,0.9,1,0.2,1.7,0,4,0,0,0,0.9,0,0,0.3,2.8
18.12.2023,0,23.2,0.5,20,34,26.4,0.8,0.9,0.2,1.6,0,4,0,0,0,0.9,0,0,0.3,3.7
19.12.2023,0,23.4,0.6,20.3,35.3,27.8,0.8,1,0.3,1.6,0,3.8,0,0,0,0.9,0,0,0.6,4.8
20.12.2023,0,22.9,0.6,20.3,20.6,23,0.8,1,0.3,1.6,0,4,0,0,0,0.8,0,0,0.7,2.8
21.12.2023,0,22.7,0.6,20.4,20.4,22,0.8,1,0.3,1.6,0,4.1,0,0,0,0.8,0,0.1,1.2,1.1
22.12.2023,0.1,22.7,0.6,20.3,14.8,15.7,0.9,0.9,0.3,1.6,0,4.1,0,0,0,0.8,0,0,1.5,1.3
23.12.2023,0,20.9,0.6,19.2,14.4,10.3,0.8,1,0.3,1.6,0,4.2,0,0,0,0.8,0,0,1.5,3.9
24.12.2023,0,19.5,0.6,18.4,5.5,8.2,0.8,0.9,0.3,1.6,0,4.3,0,0,0,0.8,0,0,1.3,3.6
25.12.2023,0,18.7,0.7,18.3,5,8.1,0.8,0.9,0.3,1.6,0,4.4,0,0,0,0.8,0,0,1.1,6.2
26.12.2023,0,18.5,0.7,18.6,14.8,8,0.8,0.9,0.3,1.6,0,4.2,0,0,0,0.9,0,0,0.8,4.9
27.12.2023,0,19.3,0.7,18.3,26,9.3,0.8,0.9,0.3,1.6,0,4.1,0,0,0,0.9,0,0,0.8,6
28.12.2023,0,18.6,0.8,18.6,18.3,8.4,0.8,0.9,0.3,1.6,0,4.1,0,0,0,0.9,0,0,0.9,2.7
29.12.2023,0,17.9,0.8,18.5,8,8.2,0.8,0.9,0.3,1.7,0,4.1,0,0,0,0.8,0,0,0.8,3.2
30.12.2023,0,17.1,0.8,18.3,18.5,7.6,0.8,1,0.3,1.6,0,4.3,0,0,0,0.8,0,0,0.6,5.8
31.12.2023,0,16.8,0.7,17.6,7.4,6,0.8,0.9,0.3,1.6,0,4.1,0,0,0,0.8,0,0,1.1,2.1